mode,jitter_ms,seed,downtime_ms,elections_started,max_term,converged
0,0,1,-1,400,80,false
0,0,2,-1,400,80,false
0,0,3,-1,400,80,false
0,0,4,-1,400,80,false
0,0,5,-1,400,80,false
0,0,6,-1,400,80,false
0,0,7,-1,400,80,false
0,0,8,-1,400,80,false
0,0,9,-1,400,80,false
0,0,10,-1,400,80,false
0,0,11,-1,400,80,false
0,0,12,-1,400,80,false
0,0,13,-1,400,80,false
0,0,14,-1,400,80,false
0,0,15,-1,400,80,false
0,0,16,-1,400,80,false
0,0,17,-1,400,80,false
0,0,18,-1,400,80,false
0,0,19,-1,400,80,false
0,0,20,-1,400,80,false
0,0,21,-1,400,80,false
0,0,22,-1,400,80,false
0,0,23,-1,400,80,false
0,0,24,-1,400,80,false
0,0,25,-1,400,80,false
0,0,26,-1,400,80,false
0,0,27,-1,400,80,false
0,0,28,-1,400,80,false
0,0,29,-1,400,80,false
0,0,30,-1,400,80,false
0,0,31,-1,400,80,false
0,0,32,-1,400,80,false
0,0,33,-1,400,80,false
0,0,34,-1,400,80,false
0,0,35,-1,400,80,false
0,0,36,-1,400,80,false
0,0,37,-1,400,80,false
0,0,38,-1,400,80,false
0,0,39,-1,400,80,false
0,0,40,-1,400,80,false
0,0,41,-1,400,80,false
0,0,42,-1,400,80,false
0,0,43,-1,400,80,false
0,0,44,-1,400,80,false
0,0,45,-1,400,80,false
0,0,46,-1,400,80,false
0,0,47,-1,400,80,false
0,0,48,-1,400,80,false
0,0,49,-1,400,80,false
0,0,50,-1,400,80,false
0,0,51,-1,400,80,false
0,0,52,-1,400,80,false
0,0,53,-1,400,80,false
0,0,54,-1,400,80,false
0,0,55,-1,400,80,false
0,0,56,-1,400,80,false
0,0,57,-1,400,80,false
0,0,58,-1,400,80,false
0,0,59,-1,400,80,false
0,0,60,-1,400,80,false
0,0,61,-1,400,80,false
0,0,62,-1,400,80,false
0,0,63,-1,400,80,false
0,0,64,-1,400,80,false
0,0,65,-1,400,80,false
0,0,66,-1,400,80,false
0,0,67,-1,400,80,false
0,0,68,-1,400,80,false
0,0,69,-1,400,80,false
0,0,70,-1,400,80,false
0,0,71,-1,400,80,false
0,0,72,-1,400,80,false
0,0,73,-1,400,80,false
0,0,74,-1,400,80,false
0,0,75,-1,400,80,false
0,0,76,-1,400,80,false
0,0,77,-1,400,80,false
0,0,78,-1,400,80,false
0,0,79,-1,400,80,false
0,0,80,-1,400,80,false
0,0,81,-1,400,80,false
0,0,82,-1,400,80,false
0,0,83,-1,400,80,false
0,0,84,-1,400,80,false
0,0,85,-1,400,80,false
0,0,86,-1,400,80,false
0,0,87,-1,400,80,false
0,0,88,-1,400,80,false
0,0,89,-1,400,80,false
0,0,90,-1,400,80,false
0,0,91,-1,400,80,false
0,0,92,-1,400,80,false
0,0,93,-1,400,80,false
0,0,94,-1,400,80,false
0,0,95,-1,400,80,false
0,0,96,-1,400,80,false
0,0,97,-1,400,80,false
0,0,98,-1,400,80,false
0,0,99,-1,400,80,false
0,0,100,-1,400,80,false
0,0,101,-1,400,80,false
0,0,102,-1,400,80,false
0,0,103,-1,400,80,false
0,0,104,-1,400,80,false
0,0,105,-1,400,80,false
0,0,106,-1,400,80,false
0,0,107,-1,400,80,false
0,0,108,-1,400,80,false
0,0,109,-1,400,80,false
0,0,110,-1,400,80,false
0,0,111,-1,400,80,false
0,0,112,-1,400,80,false
0,0,113,-1,400,80,false
0,0,114,-1,400,80,false
0,0,115,-1,400,80,false
0,0,116,-1,400,80,false
0,0,117,-1,400,80,false
0,0,118,-1,400,80,false
0,0,119,-1,400,80,false
0,0,120,-1,400,80,false
0,0,121,-1,400,80,false
0,0,122,-1,400,80,false
0,0,123,-1,400,80,false
0,0,124,-1,400,80,false
0,0,125,-1,400,80,false
0,0,126,-1,400,80,false
0,0,127,-1,400,80,false
0,0,128,-1,400,80,false
0,0,129,-1,400,80,false
0,0,130,-1,400,80,false
0,0,131,-1,400,80,false
0,0,132,-1,400,80,false
0,0,133,-1,400,80,false
0,0,134,-1,400,80,false
0,0,135,-1,400,80,false
0,0,136,-1,400,80,false
0,0,137,-1,400,80,false
0,0,138,-1,400,80,false
0,0,139,-1,400,80,false
0,0,140,-1,400,80,false
0,0,141,-1,400,80,false
0,0,142,-1,400,80,false
0,0,143,-1,400,80,false
0,0,144,-1,400,80,false
0,0,145,-1,400,80,false
0,0,146,-1,400,80,false
0,0,147,-1,400,80,false
0,0,148,-1,400,80,false
0,0,149,-1,400,80,false
0,0,150,-1,400,80,false
0,0,151,-1,400,80,false
0,0,152,-1,400,80,false
0,0,153,-1,400,80,false
0,0,154,-1,400,80,false
0,0,155,-1,400,80,false
0,0,156,-1,400,80,false
0,0,157,-1,400,80,false
0,0,158,-1,400,80,false
0,0,159,-1,400,80,false
0,0,160,-1,400,80,false
0,0,161,-1,400,80,false
0,0,162,-1,400,80,false
0,0,163,-1,400,80,false
0,0,164,-1,400,80,false
0,0,165,-1,400,80,false
0,0,166,-1,400,80,false
0,0,167,-1,400,80,false
0,0,168,-1,400,80,false
0,0,169,-1,400,80,false
0,0,170,-1,400,80,false
0,0,171,-1,400,80,false
0,0,172,-1,400,80,false
0,0,173,-1,400,80,false
0,0,174,-1,400,80,false
0,0,175,-1,400,80,false
0,0,176,-1,400,80,false
0,0,177,-1,400,80,false
0,0,178,-1,400,80,false
0,0,179,-1,400,80,false
0,0,180,-1,400,80,false
0,0,181,-1,400,80,false
0,0,182,-1,400,80,false
0,0,183,-1,400,80,false
0,0,184,-1,400,80,false
0,0,185,-1,400,80,false
0,0,186,-1,400,80,false
0,0,187,-1,400,80,false
0,0,188,-1,400,80,false
0,0,189,-1,400,80,false
0,0,190,-1,400,80,false
0,0,191,-1,400,80,false
0,0,192,-1,400,80,false
0,0,193,-1,400,80,false
0,0,194,-1,400,80,false
0,0,195,-1,400,80,false
0,0,196,-1,400,80,false
0,0,197,-1,400,80,false
0,0,198,-1,400,80,false
0,0,199,-1,400,80,false
0,0,200,-1,400,80,false
0,5,1,4737,147,31,true
0,5,2,-1,378,78,false
0,5,3,2461,76,16,true
0,5,4,7313,230,48,true
0,5,5,7616,241,50,true
0,5,6,8098,258,53,true
0,5,7,9746,301,64,true
0,5,8,-1,382,78,false
0,5,9,-1,373,79,false
0,5,10,10499,333,69,true
0,5,11,6702,206,44,true
0,5,12,5805,180,38,true
0,5,13,-1,385,79,false
0,5,14,8532,272,56,true
0,5,15,8384,266,55,true
0,5,16,-1,382,78,false
0,5,17,6551,206,43,true
0,5,18,2759,84,18,true
0,5,19,-1,387,78,false
0,5,20,-1,385,78,false
0,5,21,3209,98,21,true
0,5,22,1535,45,10,true
0,5,23,-1,377,78,false
0,5,24,1847,58,12,true
0,5,25,4136,127,27,true
0,5,26,3365,104,22,true
0,5,27,5503,171,36,true
0,5,28,4277,137,28,true
0,5,29,2614,82,17,true
0,5,30,-1,380,79,false
0,5,31,3055,96,20,true
0,5,32,-1,379,78,false
0,5,33,3371,106,22,true
0,5,34,2155,67,14,true
0,5,35,7628,239,50,true
0,5,36,5347,170,35,true
0,5,37,2452,77,16,true
0,5,38,2604,81,17,true
0,5,39,4895,157,32,true
0,5,40,5341,169,35,true
0,5,41,-1,377,79,false
0,5,42,4121,129,27,true
0,5,43,-1,384,79,false
0,5,44,3527,111,23,true
0,5,45,4874,156,32,true
0,5,46,5048,159,33,true
0,5,47,10795,339,71,true
0,5,48,5650,181,37,true
0,5,49,3229,101,21,true
0,5,50,11280,352,74,true
0,5,51,4738,153,31,true
0,5,52,10184,315,67,true
0,5,53,-1,386,79,false
0,5,54,7624,243,50,true
0,5,55,-1,374,78,false
0,5,56,2764,87,18,true
0,5,57,7928,254,52,true
0,5,58,-1,378,78,false
0,5,59,11586,371,76,true
0,5,60,7030,225,46,true
0,5,61,4898,157,32,true
0,5,62,-1,385,79,false
0,5,63,2459,78,16,true
0,5,64,5651,176,37,true
0,5,65,8369,257,55,true
0,5,66,5941,185,39,true
0,5,67,2755,86,18,true
0,5,68,3372,106,22,true
0,5,69,2613,83,17,true
0,5,70,4286,134,28,true
0,5,71,7627,243,50,true
0,5,72,-1,387,79,false
0,5,73,4134,127,27,true
0,5,74,5484,178,36,true
0,5,75,-1,384,79,false
0,5,76,-1,388,79,false
0,5,77,6855,212,45,true
0,5,78,5950,182,39,true
0,5,79,9759,302,64,true
0,5,80,5945,186,39,true
0,5,81,3678,115,24,true
0,5,82,6869,221,45,true
0,5,83,3361,106,22,true
0,5,84,-1,388,79,false
0,5,85,-1,387,79,false
0,5,86,4288,137,28,true
0,5,87,3677,113,24,true
0,5,88,4578,141,30,true
0,5,89,9887,303,65,true
0,5,90,3981,124,26,true
0,5,91,4444,139,29,true
0,5,92,4421,133,29,true
0,5,93,-1,382,79,false
0,5,94,10207,329,67,true
0,5,95,5334,166,35,true
0,5,96,5647,178,37,true
0,5,97,2151,67,14,true
0,5,98,2592,78,17,true
0,5,99,-1,381,78,false
0,5,100,2462,75,16,true
0,5,101,-1,382,78,false
0,5,102,1994,60,13,true
0,5,103,-1,392,79,false
0,5,104,7468,228,49,true
0,5,105,3983,123,26,true
0,5,106,2914,92,19,true
0,5,107,-1,381,79,false
0,5,108,-1,383,79,false
0,5,109,-1,382,79,false
0,5,110,7011,217,46,true
0,5,111,-1,388,79,false
0,5,112,7929,251,52,true
0,5,113,9440,294,62,true
0,5,114,10971,351,72,true
0,5,115,4722,151,31,true
0,5,116,8377,266,55,true
0,5,117,5647,180,37,true
0,5,118,8220,261,54,true
0,5,119,9139,292,60,true
0,5,120,5186,167,34,true
0,5,121,5948,191,39,true
0,5,122,-1,379,79,false
0,5,123,3371,102,22,true
0,5,124,5023,156,33,true
0,5,125,7930,256,52,true
0,5,126,-1,379,79,false
0,5,127,-1,375,79,false
0,5,128,4132,132,27,true
0,5,129,2901,92,19,true
0,5,130,-1,381,79,false
0,5,131,3659,117,24,true
0,5,132,4286,137,28,true
0,5,133,4889,154,32,true
0,5,134,5491,171,36,true
0,5,135,-1,380,79,false
0,5,136,-1,380,78,false
0,5,137,3676,116,24,true
0,5,138,2152,66,14,true
0,5,139,8071,258,53,true
0,5,140,6708,217,44,true
0,5,141,8390,267,55,true
0,5,142,6259,195,41,true
0,5,143,-1,384,79,false
0,5,144,7010,217,46,true
0,5,145,-1,377,78,false
0,5,146,8389,268,55,true
0,5,147,9437,295,62,true
0,5,148,10200,325,67,true
0,5,149,6708,217,44,true
0,5,150,-1,377,79,false
0,5,151,6559,208,43,true
0,5,152,2760,86,18,true
0,5,153,4895,154,32,true
0,5,154,5498,173,36,true
0,5,155,10214,322,67,true
0,5,156,936,27,6,true
0,5,157,11122,357,73,true
0,5,158,5042,158,33,true
0,5,159,-1,378,79,false
0,5,160,2918,91,19,true
0,5,161,-1,376,79,false
0,5,162,1833,56,12,true
0,5,163,5949,189,39,true
0,5,164,5192,159,34,true
0,5,165,11118,345,73,true
0,5,166,4136,129,27,true
0,5,167,-1,386,79,false
0,5,168,4573,142,30,true
0,5,169,10199,324,67,true
0,5,170,3060,98,20,true
0,5,171,-1,384,79,false
0,5,172,6857,214,45,true
0,5,173,9752,307,64,true
0,5,174,-1,385,78,false
0,5,175,3973,123,26,true
0,5,176,-1,376,79,false
0,5,177,2775,85,18,true
0,5,178,4893,155,32,true
0,5,179,3211,101,21,true
0,5,180,2003,61,13,true
0,5,181,3211,102,21,true
0,5,182,4133,132,27,true
0,5,183,2769,87,18,true
0,5,184,4275,136,28,true
0,5,185,2616,81,17,true
0,5,186,7013,222,46,true
0,5,187,2611,80,17,true
0,5,188,9453,307,62,true
0,5,189,5629,178,37,true
0,5,190,8682,270,57,true
0,5,191,2449,75,16,true
0,5,192,-1,379,79,false
0,5,193,3971,127,26,true
0,5,194,2609,82,17,true
0,5,195,9450,294,62,true
0,5,196,1401,43,9,true
0,5,197,3673,113,24,true
0,5,198,10047,314,66,true
0,5,199,8094,262,53,true
0,5,200,-1,378,78,false
0,25,1,342,6,2,true
0,25,2,333,7,2,true
0,25,3,1638,38,10,true
0,25,4,510,12,3,true
0,25,5,341,8,2,true
0,25,6,357,7,2,true
0,25,7,355,7,2,true
0,25,8,659,16,4,true
0,25,9,1322,34,8,true
0,25,10,346,6,2,true
0,25,11,1157,30,7,true
0,25,12,1168,30,7,true
0,25,13,1176,29,7,true
0,25,14,516,11,3,true
0,25,15,329,5,2,true
0,25,16,330,5,2,true
0,25,17,670,15,4,true
0,25,18,345,7,2,true
0,25,19,506,12,3,true
0,25,20,346,6,2,true
0,25,21,659,14,4,true
0,25,22,682,17,4,true
0,25,23,1150,28,7,true
0,25,24,519,11,3,true
0,25,25,665,16,4,true
0,25,26,490,12,3,true
0,25,27,351,7,2,true
0,25,28,335,8,2,true
0,25,29,189,3,1,true
0,25,30,1178,27,7,true
0,25,31,673,17,4,true
0,25,32,822,21,5,true
0,25,33,508,10,3,true
0,25,34,1775,47,11,true
0,25,35,498,10,3,true
0,25,36,193,2,1,true
0,25,37,345,7,2,true
0,25,38,1011,25,6,true
0,25,39,809,15,5,true
0,25,40,511,11,3,true
0,25,41,509,11,3,true
0,25,42,513,13,3,true
0,25,43,507,12,3,true
0,25,44,514,11,3,true
0,25,45,493,12,3,true
0,25,46,1272,33,8,true
0,25,47,184,3,1,true
0,25,48,351,7,2,true
0,25,49,201,3,1,true
0,25,50,191,3,1,true
0,25,51,363,7,2,true
0,25,52,343,8,2,true
0,25,53,2748,72,17,true
0,25,54,353,8,2,true
0,25,55,516,11,3,true
0,25,56,353,7,2,true
0,25,57,670,18,4,true
0,25,58,343,7,2,true
0,25,59,2426,62,15,true
0,25,60,348,7,2,true
0,25,61,506,9,3,true
0,25,62,347,8,2,true
0,25,63,191,3,1,true
0,25,64,844,21,5,true
0,25,65,1324,35,8,true
0,25,66,680,17,4,true
0,25,67,198,3,1,true
0,25,68,1469,39,9,true
0,25,69,195,3,1,true
0,25,70,1157,29,7,true
0,25,71,346,8,2,true
0,25,72,841,19,5,true
0,25,73,330,6,2,true
0,25,74,499,11,3,true
0,25,75,667,15,4,true
0,25,76,670,15,4,true
0,25,77,830,19,5,true
0,25,78,344,7,2,true
0,25,79,183,3,1,true
0,25,80,498,12,3,true
0,25,81,492,12,3,true
0,25,82,668,16,4,true
0,25,83,1153,28,7,true
0,25,84,662,14,4,true
0,25,85,683,15,4,true
0,25,86,200,3,1,true
0,25,87,348,7,2,true
0,25,88,1304,33,8,true
0,25,89,354,7,2,true
0,25,90,986,24,6,true
0,25,91,671,17,4,true
0,25,92,661,15,4,true
0,25,93,342,8,2,true
0,25,94,338,8,2,true
0,25,95,347,8,2,true
0,25,96,347,7,2,true
0,25,97,971,22,6,true
0,25,98,358,7,2,true
0,25,99,358,8,2,true
0,25,100,678,17,4,true
0,25,101,1150,27,7,true
0,25,102,820,18,5,true
0,25,103,513,11,3,true
0,25,104,346,8,2,true
0,25,105,488,11,3,true
0,25,106,488,9,3,true
0,25,107,655,13,4,true
0,25,108,664,16,4,true
0,25,109,345,8,2,true
0,25,110,195,3,1,true
0,25,111,190,3,1,true
0,25,112,493,10,3,true
0,25,113,346,8,2,true
0,25,114,839,23,5,true
0,25,115,662,15,4,true
0,25,116,673,16,4,true
0,25,117,348,6,2,true
0,25,118,183,1,1,true
0,25,119,994,24,6,true
0,25,120,512,10,3,true
0,25,121,519,10,3,true
0,25,122,676,15,4,true
0,25,123,1001,24,6,true
0,25,124,187,3,1,true
0,25,125,1137,25,7,true
0,25,126,1290,28,8,true
0,25,127,675,16,4,true
0,25,128,660,16,4,true
0,25,129,832,20,5,true
0,25,130,1134,29,7,true
0,25,131,1152,29,7,true
0,25,132,345,7,2,true
0,25,133,504,11,3,true
0,25,134,680,14,4,true
0,25,135,660,15,4,true
0,25,136,198,3,1,true
0,25,137,363,7,2,true
0,25,138,831,21,5,true
0,25,139,996,23,6,true
0,25,140,1161,28,7,true
0,25,141,338,7,2,true
0,25,142,839,21,5,true
0,25,143,343,6,2,true
0,25,144,194,3,1,true
0,25,145,1124,26,7,true
0,25,146,356,8,2,true
0,25,147,187,3,1,true
0,25,148,515,12,3,true
0,25,149,509,12,3,true
0,25,150,340,7,2,true
0,25,151,683,16,4,true
0,25,152,346,7,2,true
0,25,153,352,7,2,true
0,25,154,966,27,6,true
0,25,155,1012,26,6,true
0,25,156,508,12,3,true
0,25,157,187,3,1,true
0,25,158,1121,29,7,true
0,25,159,339,6,2,true
0,25,160,187,2,1,true
0,25,161,194,3,1,true
0,25,162,848,20,5,true
0,25,163,1481,39,9,true
0,25,164,1138,29,7,true
0,25,165,351,5,2,true
0,25,166,188,3,1,true
0,25,167,836,19,5,true
0,25,168,349,5,2,true
0,25,169,346,6,2,true
0,25,170,361,7,2,true
0,25,171,509,13,3,true
0,25,172,346,6,2,true
0,25,173,350,7,2,true
0,25,174,508,10,3,true
0,25,175,1154,29,7,true
0,25,176,492,10,3,true
0,25,177,994,26,6,true
0,25,178,2288,59,14,true
0,25,179,352,7,2,true
0,25,180,349,7,2,true
0,25,181,340,5,2,true
0,25,182,346,6,2,true
0,25,183,985,25,6,true
0,25,184,666,17,4,true
0,25,185,678,18,4,true
0,25,186,824,18,5,true
0,25,187,491,10,3,true
0,25,188,1773,45,11,true
0,25,189,343,8,2,true
0,25,190,977,24,6,true
0,25,191,2281,60,14,true
0,25,192,806,21,5,true
0,25,193,191,2,1,true
0,25,194,665,17,4,true
0,25,195,992,22,6,true
0,25,196,507,9,3,true
0,25,197,189,3,1,true
0,25,198,491,9,3,true
0,25,199,350,6,2,true
0,25,200,499,13,3,true
0,50,1,692,15,4,true
0,50,2,203,1,1,true
0,50,3,203,3,1,true
0,50,4,207,3,1,true
0,50,5,202,3,1,true
0,50,6,364,7,2,true
0,50,7,198,3,1,true
0,50,8,192,2,1,true
0,50,9,206,2,1,true
0,50,10,189,2,1,true
0,50,11,190,1,1,true
0,50,12,379,6,2,true
0,50,13,518,11,3,true
0,50,14,362,5,2,true
0,50,15,181,2,1,true
0,50,16,368,4,2,true
0,50,17,188,3,1,true
0,50,18,341,6,2,true
0,50,19,372,8,2,true
0,50,20,196,2,1,true
0,50,21,206,3,1,true
0,50,22,535,9,3,true
0,50,23,202,2,1,true
0,50,24,372,6,2,true
0,50,25,545,11,3,true
0,50,26,202,3,1,true
0,50,27,198,3,1,true
0,50,28,203,3,1,true
0,50,29,182,2,1,true
0,50,30,714,15,4,true
0,50,31,528,9,3,true
0,50,32,695,13,4,true
0,50,33,215,3,1,true
0,50,34,347,8,2,true
0,50,35,520,10,3,true
0,50,36,397,7,2,true
0,50,37,184,2,1,true
0,50,38,197,3,1,true
0,50,39,178,3,1,true
0,50,40,186,2,1,true
0,50,41,198,3,1,true
0,50,42,528,10,3,true
0,50,43,202,3,1,true
0,50,44,385,7,2,true
0,50,45,860,17,5,true
0,50,46,197,2,1,true
0,50,47,187,2,1,true
0,50,48,376,6,2,true
0,50,49,203,2,1,true
0,50,50,191,3,1,true
0,50,51,202,3,1,true
0,50,52,194,3,1,true
0,50,53,191,3,1,true
0,50,54,353,8,2,true
0,50,55,372,7,2,true
0,50,56,684,13,4,true
0,50,57,191,3,1,true
0,50,58,535,8,3,true
0,50,59,206,3,1,true
0,50,60,195,2,1,true
0,50,61,698,14,4,true
0,50,62,391,7,2,true
0,50,63,191,3,1,true
0,50,64,209,3,1,true
0,50,65,213,2,1,true
0,50,66,200,3,1,true
0,50,67,391,6,2,true
0,50,68,361,6,2,true
0,50,69,375,7,2,true
0,50,70,192,1,1,true
0,50,71,191,3,1,true
0,50,72,207,2,1,true
0,50,73,200,2,1,true
0,50,74,342,5,2,true
0,50,75,698,12,4,true
0,50,76,365,7,2,true
0,50,77,516,9,3,true
0,50,78,200,3,1,true
0,50,79,192,2,1,true
0,50,80,199,3,1,true
0,50,81,200,2,1,true
0,50,82,214,3,1,true
0,50,83,344,4,2,true
0,50,84,190,3,1,true
0,50,85,361,7,2,true
0,50,86,193,1,1,true
0,50,87,371,5,2,true
0,50,88,369,6,2,true
0,50,89,192,3,1,true
0,50,90,216,3,1,true
0,50,91,201,2,1,true
0,50,92,204,2,1,true
0,50,93,861,17,5,true
0,50,94,869,16,5,true
0,50,95,214,2,1,true
0,50,96,374,6,2,true
0,50,97,537,10,3,true
0,50,98,197,3,1,true
0,50,99,202,2,1,true
0,50,100,348,6,2,true
0,50,101,187,2,1,true
0,50,102,203,3,1,true
0,50,103,198,2,1,true
0,50,104,357,6,2,true
0,50,105,191,1,1,true
0,50,106,199,2,1,true
0,50,107,190,2,1,true
0,50,108,195,1,1,true
0,50,109,215,2,1,true
0,50,110,376,8,2,true
0,50,111,189,1,1,true
0,50,112,181,2,1,true
0,50,113,351,5,2,true
0,50,114,403,8,2,true
0,50,115,353,5,2,true
0,50,116,193,2,1,true
0,50,117,186,1,1,true
0,50,118,183,1,1,true
0,50,119,210,2,1,true
0,50,120,194,2,1,true
0,50,121,196,3,1,true
0,50,122,195,3,1,true
0,50,123,389,7,2,true
0,50,124,358,5,2,true
0,50,125,523,7,3,true
0,50,126,190,3,1,true
0,50,127,180,2,1,true
0,50,128,348,4,2,true
0,50,129,349,5,2,true
0,50,130,193,3,1,true
0,50,131,212,3,1,true
0,50,132,217,3,1,true
0,50,133,202,3,1,true
0,50,134,188,2,1,true
0,50,135,193,2,1,true
0,50,136,188,1,1,true
0,50,137,202,2,1,true
0,50,138,188,3,1,true
0,50,139,352,5,2,true
0,50,140,695,14,4,true
0,50,141,361,6,2,true
0,50,142,364,6,2,true
0,50,143,185,2,1,true
0,50,144,192,1,1,true
0,50,145,203,3,1,true
0,50,146,204,2,1,true
0,50,147,529,10,3,true
0,50,148,198,3,1,true
0,50,149,379,8,2,true
0,50,150,196,2,1,true
0,50,151,194,2,1,true
0,50,152,190,3,1,true
0,50,153,515,9,3,true
0,50,154,186,3,1,true
0,50,155,192,1,1,true
0,50,156,194,2,1,true
0,50,157,201,3,1,true
0,50,158,703,15,4,true
0,50,159,369,5,2,true
0,50,160,187,2,1,true
0,50,161,213,3,1,true
0,50,162,378,6,2,true
0,50,163,197,2,1,true
0,50,164,196,3,1,true
0,50,165,376,5,2,true
0,50,166,522,8,3,true
0,50,167,519,9,3,true
0,50,168,191,3,1,true
0,50,169,200,3,1,true
0,50,170,190,2,1,true
0,50,171,193,2,1,true
0,50,172,885,16,5,true
0,50,173,356,5,2,true
0,50,174,196,3,1,true
0,50,175,205,2,1,true
0,50,176,189,3,1,true
0,50,177,196,3,1,true
0,50,178,364,7,2,true
0,50,179,195,2,1,true
0,50,180,204,1,1,true
0,50,181,217,3,1,true
0,50,182,362,5,2,true
0,50,183,349,5,2,true
0,50,184,349,4,2,true
0,50,185,193,2,1,true
0,50,186,193,3,1,true
0,50,187,198,1,1,true
0,50,188,193,3,1,true
0,50,189,348,5,2,true
0,50,190,194,2,1,true
0,50,191,364,7,2,true
0,50,192,204,3,1,true
0,50,193,359,5,2,true
0,50,194,206,3,1,true
0,50,195,185,1,1,true
0,50,196,517,9,3,true
0,50,197,190,2,1,true
0,50,198,856,19,5,true
0,50,199,180,2,1,true
0,50,200,709,13,4,true
0,150,1,199,2,1,true
0,150,2,234,1,1,true
0,150,3,188,1,1,true
0,150,4,222,2,1,true
0,150,5,199,1,1,true
0,150,6,198,1,1,true
0,150,7,207,1,1,true
0,150,8,185,1,1,true
0,150,9,225,2,1,true
0,150,10,211,1,1,true
0,150,11,190,1,1,true
0,150,12,200,1,1,true
0,150,13,203,1,1,true
0,150,14,193,1,1,true
0,150,15,193,1,1,true
0,150,16,226,3,1,true
0,150,17,251,1,1,true
0,150,18,203,1,1,true
0,150,19,405,5,2,true
0,150,20,235,2,1,true
0,150,21,204,2,1,true
0,150,22,205,1,1,true
0,150,23,231,2,1,true
0,150,24,374,5,2,true
0,150,25,205,2,1,true
0,150,26,202,3,1,true
0,150,27,206,1,1,true
0,150,28,201,1,1,true
0,150,29,196,1,1,true
0,150,30,237,2,1,true
0,150,31,194,1,1,true
0,150,32,432,4,2,true
0,150,33,211,2,1,true
0,150,34,211,2,1,true
0,150,35,280,2,1,true
0,150,36,385,5,2,true
0,150,37,218,1,1,true
0,150,38,211,1,1,true
0,150,39,178,3,1,true
0,150,40,197,1,1,true
0,150,41,203,3,1,true
0,150,42,218,1,1,true
0,150,43,397,4,2,true
0,150,44,210,2,1,true
0,150,45,185,1,1,true
0,150,46,217,2,1,true
0,150,47,218,2,1,true
0,150,48,284,1,1,true
0,150,49,214,1,1,true
0,150,50,191,3,1,true
0,150,51,199,1,1,true
0,150,52,236,1,1,true
0,150,53,264,1,1,true
0,150,54,190,2,1,true
0,150,55,204,1,1,true
0,150,56,197,1,1,true
0,150,57,223,2,1,true
0,150,58,635,8,3,true
0,150,59,252,2,1,true
0,150,60,190,1,1,true
0,150,61,220,1,1,true
0,150,62,219,1,1,true
0,150,63,181,2,1,true
0,150,64,220,1,1,true
0,150,65,213,2,1,true
0,150,66,199,2,1,true
0,150,67,201,1,1,true
0,150,68,190,2,1,true
0,150,69,200,2,1,true
0,150,70,227,2,1,true
0,150,71,188,2,1,true
0,150,72,234,1,1,true
0,150,73,200,2,1,true
0,150,74,202,1,1,true
0,150,75,193,2,1,true
0,150,76,188,2,1,true
0,150,77,193,1,1,true
0,150,78,202,1,1,true
0,150,79,226,2,1,true
0,150,80,199,3,1,true
0,150,81,193,1,1,true
0,150,82,211,2,1,true
0,150,83,178,1,1,true
0,150,84,244,1,1,true
0,150,85,217,2,1,true
0,150,86,193,1,1,true
0,150,87,185,2,1,true
0,150,88,272,1,1,true
0,150,89,240,2,1,true
0,150,90,262,1,1,true
0,150,91,201,2,1,true
0,150,92,224,1,1,true
0,150,93,205,2,1,true
0,150,94,199,1,1,true
0,150,95,214,2,1,true
0,150,96,212,1,1,true
0,150,97,218,2,1,true
0,150,98,191,1,1,true
0,150,99,221,2,1,true
0,150,100,234,3,1,true
0,150,101,425,6,2,true
0,150,102,199,2,1,true
0,150,103,198,2,1,true
0,150,104,234,3,1,true
0,150,105,191,1,1,true
0,150,106,210,1,1,true
0,150,107,217,2,1,true
0,150,108,223,1,1,true
0,150,109,210,1,1,true
0,150,110,250,2,1,true
0,150,111,203,1,1,true
0,150,112,201,1,1,true
0,150,113,207,1,1,true
0,150,114,235,3,1,true
0,150,115,204,1,1,true
0,150,116,243,2,1,true
0,150,117,186,1,1,true
0,150,118,202,1,1,true
0,150,119,235,2,1,true
0,150,120,190,1,1,true
0,150,121,214,1,1,true
0,150,122,209,1,1,true
0,150,123,230,1,1,true
0,150,124,218,2,1,true
0,150,125,219,1,1,true
0,150,126,256,2,1,true
0,150,127,230,2,1,true
0,150,128,241,1,1,true
0,150,129,252,3,1,true
0,150,130,196,1,1,true
0,150,131,199,2,1,true
0,150,132,213,1,1,true
0,150,133,256,2,1,true
0,150,134,200,1,1,true
0,150,135,226,3,1,true
0,150,136,238,1,1,true
0,150,137,252,2,1,true
0,150,138,196,1,1,true
0,150,139,207,1,1,true
0,150,140,237,1,1,true
0,150,141,198,2,1,true
0,150,142,221,1,1,true
0,150,143,236,1,1,true
0,150,144,223,2,1,true
0,150,145,191,2,1,true
0,150,146,218,2,1,true
0,150,147,252,1,1,true
0,150,148,202,2,1,true
0,150,149,391,5,2,true
0,150,150,246,2,1,true
0,150,151,194,2,1,true
0,150,152,206,1,1,true
0,150,153,220,2,1,true
0,150,154,434,5,2,true
0,150,155,227,2,1,true
0,150,156,382,4,2,true
0,150,157,231,1,1,true
0,150,158,200,2,1,true
0,150,159,213,2,1,true
0,150,160,194,1,1,true
0,150,161,213,1,1,true
0,150,162,229,2,1,true
0,150,163,197,2,1,true
0,150,164,196,2,1,true
0,150,165,237,1,1,true
0,150,166,379,4,2,true
0,150,167,243,1,1,true
0,150,168,193,1,1,true
0,150,169,194,2,1,true
0,150,170,190,1,1,true
0,150,171,193,1,1,true
0,150,172,210,3,1,true
0,150,173,229,1,1,true
0,150,174,195,1,1,true
0,150,175,255,2,1,true
0,150,176,189,3,1,true
0,150,177,205,2,1,true
0,150,178,195,1,1,true
0,150,179,236,1,1,true
0,150,180,204,1,1,true
0,150,181,214,1,1,true
0,150,182,204,2,1,true
0,150,183,182,1,1,true
0,150,184,243,2,1,true
0,150,185,184,1,1,true
0,150,186,193,3,1,true
0,150,187,198,1,1,true
0,150,188,200,1,1,true
0,150,189,276,2,1,true
0,150,190,233,1,1,true
0,150,191,193,2,1,true
0,150,192,200,1,1,true
0,150,193,235,2,1,true
0,150,194,241,2,1,true
0,150,195,185,1,1,true
0,150,196,362,5,2,true
0,150,197,371,4,2,true
0,150,198,194,2,1,true
0,150,199,213,2,1,true
0,150,200,231,1,1,true
0,300,1,218,1,1,true
0,300,2,334,1,1,true
0,300,3,338,1,1,true
0,300,4,225,2,1,true
0,300,5,199,1,1,true
0,300,6,263,2,1,true
0,300,7,207,1,1,true
0,300,8,185,1,1,true
0,300,9,225,2,1,true
0,300,10,266,1,1,true
0,300,11,190,1,1,true
0,300,12,334,1,1,true
0,300,13,203,1,1,true
0,300,14,193,1,1,true
0,300,15,193,1,1,true
0,300,16,238,1,1,true
0,300,17,251,1,1,true
0,300,18,254,2,1,true
0,300,19,393,4,2,true
0,300,20,231,1,1,true
0,300,21,204,2,1,true
0,300,22,205,1,1,true
0,300,23,228,1,1,true
0,300,24,328,2,1,true
0,300,25,243,1,1,true
0,300,26,202,2,1,true
0,300,27,356,1,1,true
0,300,28,280,2,1,true
0,300,29,281,1,1,true
0,300,30,387,2,1,true
0,300,31,194,1,1,true
0,300,32,315,1,1,true
0,300,33,229,1,1,true
0,300,34,207,1,1,true
0,300,35,280,2,1,true
0,300,36,230,1,1,true
0,300,37,242,1,1,true
0,300,38,211,1,1,true
0,300,39,178,3,1,true
0,300,40,197,1,1,true
0,300,41,199,1,1,true
0,300,42,253,1,1,true
0,300,43,222,2,1,true
0,300,44,210,2,1,true
0,300,45,185,1,1,true
0,300,46,325,1,1,true
0,300,47,237,1,1,true
0,300,48,284,1,1,true
0,300,49,228,2,1,true
0,300,50,193,1,1,true
0,300,51,316,2,1,true
0,300,52,255,2,1,true
0,300,53,291,3,1,true
0,300,54,290,1,1,true
0,300,55,269,2,1,true
0,300,56,197,1,1,true
0,300,57,223,2,1,true
0,300,58,303,2,1,true
0,300,59,252,1,1,true
0,300,60,222,1,1,true
0,300,61,282,1,1,true
0,300,62,219,1,1,true
0,300,63,197,1,1,true
0,300,64,246,1,1,true
0,300,65,213,1,1,true
0,300,66,199,2,1,true
0,300,67,263,1,1,true
0,300,68,198,1,1,true
0,300,69,199,1,1,true
0,300,70,322,2,1,true
0,300,71,216,2,1,true
0,300,72,269,2,1,true
0,300,73,222,1,1,true
0,300,74,202,1,1,true
0,300,75,196,1,1,true
0,300,76,188,2,1,true
0,300,77,193,1,1,true
0,300,78,202,1,1,true
0,300,79,281,1,1,true
0,300,80,199,1,1,true
0,300,81,193,1,1,true
0,300,82,266,1,1,true
0,300,83,178,1,1,true
0,300,84,291,2,1,true
0,300,85,280,1,1,true
0,300,86,277,1,1,true
0,300,87,185,2,1,true
0,300,88,321,2,1,true
0,300,89,240,1,1,true
0,300,90,330,1,1,true
0,300,91,202,1,1,true
0,300,92,260,1,1,true
0,300,93,189,1,1,true
0,300,94,290,1,1,true
0,300,95,207,2,1,true
0,300,96,276,2,1,true
0,300,97,218,2,1,true
0,300,98,341,1,1,true
0,300,99,221,2,1,true
0,300,100,303,1,1,true
0,300,101,284,3,1,true
0,300,102,199,2,1,true
0,300,103,202,2,1,true
0,300,104,229,1,1,true
0,300,105,314,1,1,true
0,300,106,268,1,1,true
0,300,107,211,1,1,true
0,300,108,245,1,1,true
0,300,109,210,1,1,true
0,300,110,250,2,1,true
0,300,111,232,1,1,true
0,300,112,201,1,1,true
0,300,113,207,1,1,true
0,300,114,235,3,1,true
0,300,115,235,1,1,true
0,300,116,243,1,1,true
0,300,117,207,1,1,true
0,300,118,275,1,1,true
0,300,119,247,1,1,true
0,300,120,233,1,1,true
0,300,121,214,1,1,true
0,300,122,209,1,1,true
0,300,123,273,2,1,true
0,300,124,213,1,1,true
0,300,125,267,1,1,true
0,300,126,264,2,1,true
0,300,127,230,2,1,true
0,300,128,317,1,1,true
0,300,129,254,1,1,true
0,300,130,196,1,1,true
0,300,131,199,1,1,true
0,300,132,257,1,1,true
0,300,133,241,1,1,true
0,300,134,217,1,1,true
0,300,135,241,2,1,true
0,300,136,238,1,1,true
0,300,137,252,2,1,true
0,300,138,222,1,1,true
0,300,139,282,1,1,true
0,300,140,237,1,1,true
0,300,141,198,2,1,true
0,300,142,221,1,1,true
0,300,143,236,1,1,true
0,300,144,223,2,1,true
0,300,145,270,1,1,true
0,300,146,211,1,1,true
0,300,147,285,2,1,true
0,300,148,211,1,1,true
0,300,149,307,1,1,true
0,300,150,282,1,1,true
0,300,151,285,1,1,true
0,300,152,206,1,1,true
0,300,153,199,1,1,true
0,300,154,247,2,1,true
0,300,155,283,1,1,true
0,300,156,224,2,1,true
0,300,157,300,1,1,true
0,300,158,200,2,1,true
0,300,159,308,2,1,true
0,300,160,337,2,1,true
0,300,161,213,1,1,true
0,300,162,209,1,1,true
0,300,163,197,2,1,true
0,300,164,185,1,1,true
0,300,165,273,2,1,true
0,300,166,213,2,1,true
0,300,167,243,1,1,true
0,300,168,193,1,1,true
0,300,169,196,1,1,true
0,300,170,190,1,1,true
0,300,171,193,1,1,true
0,300,172,210,3,1,true
0,300,173,294,2,1,true
0,300,174,261,1,1,true
0,300,175,242,1,1,true
0,300,176,189,3,1,true
0,300,177,200,1,1,true
0,300,178,267,1,1,true
0,300,179,267,1,1,true
0,300,180,227,1,1,true
0,300,181,276,2,1,true
0,300,182,210,1,1,true
0,300,183,257,2,1,true
0,300,184,332,1,1,true
0,300,185,334,1,1,true
0,300,186,193,1,1,true
0,300,187,198,1,1,true
0,300,188,273,2,1,true
0,300,189,276,2,1,true
0,300,190,233,1,1,true
0,300,191,343,2,1,true
0,300,192,200,1,1,true
0,300,193,267,1,1,true
0,300,194,221,1,1,true
0,300,195,218,2,1,true
0,300,196,223,2,1,true
0,300,197,207,1,1,true
0,300,198,185,1,1,true
0,300,199,213,2,1,true
0,300,200,231,1,1,true
1,0,1,-1,400,80,false
1,0,2,-1,400,80,false
1,0,3,-1,400,80,false
1,0,4,-1,400,80,false
1,0,5,-1,400,80,false
1,0,6,-1,400,80,false
1,0,7,-1,400,80,false
1,0,8,-1,400,80,false
1,0,9,-1,400,80,false
1,0,10,-1,400,80,false
1,0,11,-1,400,80,false
1,0,12,-1,400,80,false
1,0,13,-1,400,80,false
1,0,14,-1,400,80,false
1,0,15,-1,400,80,false
1,0,16,-1,400,80,false
1,0,17,-1,400,80,false
1,0,18,-1,400,80,false
1,0,19,-1,400,80,false
1,0,20,-1,400,80,false
1,0,21,-1,400,80,false
1,0,22,-1,400,80,false
1,0,23,-1,400,80,false
1,0,24,-1,400,80,false
1,0,25,-1,400,80,false
1,0,26,-1,400,80,false
1,0,27,-1,400,80,false
1,0,28,-1,400,80,false
1,0,29,-1,400,80,false
1,0,30,-1,400,80,false
1,0,31,-1,400,80,false
1,0,32,-1,400,80,false
1,0,33,-1,400,80,false
1,0,34,-1,400,80,false
1,0,35,-1,400,80,false
1,0,36,-1,400,80,false
1,0,37,-1,400,80,false
1,0,38,-1,400,80,false
1,0,39,-1,400,80,false
1,0,40,-1,400,80,false
1,0,41,-1,400,80,false
1,0,42,-1,400,80,false
1,0,43,-1,400,80,false
1,0,44,-1,400,80,false
1,0,45,-1,400,80,false
1,0,46,-1,400,80,false
1,0,47,-1,400,80,false
1,0,48,-1,400,80,false
1,0,49,-1,400,80,false
1,0,50,-1,400,80,false
1,0,51,-1,400,80,false
1,0,52,-1,400,80,false
1,0,53,-1,400,80,false
1,0,54,-1,400,80,false
1,0,55,-1,400,80,false
1,0,56,-1,400,80,false
1,0,57,-1,400,80,false
1,0,58,-1,400,80,false
1,0,59,-1,400,80,false
1,0,60,-1,400,80,false
1,0,61,-1,400,80,false
1,0,62,-1,400,80,false
1,0,63,-1,400,80,false
1,0,64,-1,400,80,false
1,0,65,-1,400,80,false
1,0,66,-1,400,80,false
1,0,67,-1,400,80,false
1,0,68,-1,400,80,false
1,0,69,-1,400,80,false
1,0,70,-1,400,80,false
1,0,71,-1,400,80,false
1,0,72,-1,400,80,false
1,0,73,-1,400,80,false
1,0,74,-1,400,80,false
1,0,75,-1,400,80,false
1,0,76,-1,400,80,false
1,0,77,-1,400,80,false
1,0,78,-1,400,80,false
1,0,79,-1,400,80,false
1,0,80,-1,400,80,false
1,0,81,-1,400,80,false
1,0,82,-1,400,80,false
1,0,83,-1,400,80,false
1,0,84,-1,400,80,false
1,0,85,-1,400,80,false
1,0,86,-1,400,80,false
1,0,87,-1,400,80,false
1,0,88,-1,400,80,false
1,0,89,-1,400,80,false
1,0,90,-1,400,80,false
1,0,91,-1,400,80,false
1,0,92,-1,400,80,false
1,0,93,-1,400,80,false
1,0,94,-1,400,80,false
1,0,95,-1,400,80,false
1,0,96,-1,400,80,false
1,0,97,-1,400,80,false
1,0,98,-1,400,80,false
1,0,99,-1,400,80,false
1,0,100,-1,400,80,false
1,0,101,-1,400,80,false
1,0,102,-1,400,80,false
1,0,103,-1,400,80,false
1,0,104,-1,400,80,false
1,0,105,-1,400,80,false
1,0,106,-1,400,80,false
1,0,107,-1,400,80,false
1,0,108,-1,400,80,false
1,0,109,-1,400,80,false
1,0,110,-1,400,80,false
1,0,111,-1,400,80,false
1,0,112,-1,400,80,false
1,0,113,-1,400,80,false
1,0,114,-1,400,80,false
1,0,115,-1,400,80,false
1,0,116,-1,400,80,false
1,0,117,-1,400,80,false
1,0,118,-1,400,80,false
1,0,119,-1,400,80,false
1,0,120,-1,400,80,false
1,0,121,-1,400,80,false
1,0,122,-1,400,80,false
1,0,123,-1,400,80,false
1,0,124,-1,400,80,false
1,0,125,-1,400,80,false
1,0,126,-1,400,80,false
1,0,127,-1,400,80,false
1,0,128,-1,400,80,false
1,0,129,-1,400,80,false
1,0,130,-1,400,80,false
1,0,131,-1,400,80,false
1,0,132,-1,400,80,false
1,0,133,-1,400,80,false
1,0,134,-1,400,80,false
1,0,135,-1,400,80,false
1,0,136,-1,400,80,false
1,0,137,-1,400,80,false
1,0,138,-1,400,80,false
1,0,139,-1,400,80,false
1,0,140,-1,400,80,false
1,0,141,-1,400,80,false
1,0,142,-1,400,80,false
1,0,143,-1,400,80,false
1,0,144,-1,400,80,false
1,0,145,-1,400,80,false
1,0,146,-1,400,80,false
1,0,147,-1,400,80,false
1,0,148,-1,400,80,false
1,0,149,-1,400,80,false
1,0,150,-1,400,80,false
1,0,151,-1,400,80,false
1,0,152,-1,400,80,false
1,0,153,-1,400,80,false
1,0,154,-1,400,80,false
1,0,155,-1,400,80,false
1,0,156,-1,400,80,false
1,0,157,-1,400,80,false
1,0,158,-1,400,80,false
1,0,159,-1,400,80,false
1,0,160,-1,400,80,false
1,0,161,-1,400,80,false
1,0,162,-1,400,80,false
1,0,163,-1,400,80,false
1,0,164,-1,400,80,false
1,0,165,-1,400,80,false
1,0,166,-1,400,80,false
1,0,167,-1,400,80,false
1,0,168,-1,400,80,false
1,0,169,-1,400,80,false
1,0,170,-1,400,80,false
1,0,171,-1,400,80,false
1,0,172,-1,400,80,false
1,0,173,-1,400,80,false
1,0,174,-1,400,80,false
1,0,175,-1,400,80,false
1,0,176,-1,400,80,false
1,0,177,-1,400,80,false
1,0,178,-1,400,80,false
1,0,179,-1,400,80,false
1,0,180,-1,400,80,false
1,0,181,-1,400,80,false
1,0,182,-1,400,80,false
1,0,183,-1,400,80,false
1,0,184,-1,400,80,false
1,0,185,-1,400,80,false
1,0,186,-1,400,80,false
1,0,187,-1,400,80,false
1,0,188,-1,400,80,false
1,0,189,-1,400,80,false
1,0,190,-1,400,80,false
1,0,191,-1,400,80,false
1,0,192,-1,400,80,false
1,0,193,-1,400,80,false
1,0,194,-1,400,80,false
1,0,195,-1,400,80,false
1,0,196,-1,400,80,false
1,0,197,-1,400,80,false
1,0,198,-1,400,80,false
1,0,199,-1,400,80,false
1,0,200,-1,400,80,false
1,5,1,-1,335,79,false
1,5,2,-1,378,78,false
1,5,3,1217,101,24,true
1,5,4,-1,348,78,false
1,5,5,-1,352,79,false
1,5,6,-1,354,79,false
1,5,7,-1,361,79,false
1,5,8,-1,382,78,false
1,5,9,-1,373,79,false
1,5,10,-1,373,79,false
1,5,11,-1,341,79,false
1,5,12,-1,335,79,false
1,5,13,-1,385,79,false
1,5,14,-1,361,79,false
1,5,15,-1,357,78,false
1,5,16,-1,382,78,false
1,5,17,-1,339,79,false
1,5,18,-1,308,77,false
1,5,19,-1,387,78,false
1,5,20,-1,385,78,false
1,5,21,7436,281,70,true
1,5,22,-1,272,69,false
1,5,23,-1,377,78,false
1,5,24,2121,106,26,true
1,5,25,4700,246,58,true
1,5,26,-1,321,79,false
1,5,27,-1,337,79,false
1,5,28,-1,335,79,false
1,5,29,-1,312,76,false
1,5,30,-1,380,79,false
1,5,31,-1,327,78,false
1,5,32,-1,379,78,false
1,5,33,-1,328,78,false
1,5,34,-1,301,73,false
1,5,35,3952,340,76,true
1,5,36,-1,340,79,false
1,5,37,-1,304,75,false
1,5,38,8507,295,73,true
1,5,39,-1,336,79,false
1,5,40,-1,339,78,false
1,5,41,-1,377,79,false
1,5,42,3495,217,50,true
1,5,43,-1,384,79,false
1,5,44,8359,321,78,true
1,5,45,-1,339,79,false
1,5,46,-1,330,79,false
1,5,47,-1,368,79,false
1,5,48,-1,341,79,false
1,5,49,-1,324,79,false
1,5,50,-1,368,78,false
1,5,51,5167,286,65,true
1,5,52,-1,362,79,false
1,5,53,-1,386,79,false
1,5,54,-1,355,79,false
1,5,55,-1,374,78,false
1,5,56,-1,314,77,false
1,5,57,-1,353,79,false
1,5,58,-1,378,78,false
1,5,59,-1,379,78,false
1,5,60,-1,350,78,false
1,5,61,-1,340,78,false
1,5,62,-1,385,79,false
1,5,63,-1,304,75,false
1,5,64,4244,283,65,true
1,5,65,-1,351,79,false
1,5,66,2889,257,58,true
1,5,67,6510,245,61,true
1,5,68,-1,319,79,false
1,5,69,8060,283,70,true
1,5,70,-1,327,79,false
1,5,71,3777,335,75,true
1,5,72,-1,387,79,false
1,5,73,-1,329,78,false
1,5,74,-1,343,79,false
1,5,75,-1,384,79,false
1,5,76,-1,388,79,false
1,5,77,1981,258,58,true
1,5,78,-1,338,78,false
1,5,79,-1,358,79,false
1,5,80,1806,230,51,true
1,5,81,-1,324,79,false
1,5,82,2734,289,63,true
1,5,83,-1,325,78,false
1,5,84,-1,388,79,false
1,5,85,-1,387,79,false
1,5,86,1363,170,37,true
1,5,87,3934,213,50,true
1,5,88,3949,242,56,true
1,5,89,-1,358,79,false
1,5,90,7283,311,74,true
1,5,91,-1,321,79,false
1,5,92,7451,322,78,true
1,5,93,-1,382,79,false
1,5,94,-1,373,79,false
1,5,95,5472,302,71,true
1,5,96,-1,337,79,false
1,5,97,-1,297,73,false
1,5,98,-1,310,76,false
1,5,99,-1,381,78,false
1,5,100,-1,306,75,false
1,5,101,-1,382,78,false
1,5,102,3784,150,38,true
1,5,103,-1,392,79,false
1,5,104,-1,344,79,false
1,5,105,-1,319,78,false
1,5,106,-1,317,78,false
1,5,107,-1,381,79,false
1,5,108,-1,383,79,false
1,5,109,-1,382,79,false
1,5,110,-1,347,79,false
1,5,111,-1,388,79,false
1,5,112,-1,356,79,false
1,5,113,-1,361,79,false
1,5,114,-1,375,78,false
1,5,115,-1,341,79,false
1,5,116,-1,358,79,false
1,5,117,-1,342,78,false
1,5,118,-1,356,78,false
1,5,119,-1,362,79,false
1,5,120,-1,336,78,false
1,5,121,-1,340,79,false
1,5,122,-1,379,79,false
1,5,123,1356,134,31,true
1,5,124,-1,329,79,false
1,5,125,-1,356,79,false
1,5,126,-1,379,79,false
1,5,127,-1,375,79,false
1,5,128,-1,334,79,false
1,5,129,-1,320,78,false
1,5,130,-1,381,79,false
1,5,131,6850,291,69,true
1,5,132,-1,335,79,false
1,5,133,-1,331,79,false
1,5,134,1659,211,47,true
1,5,135,-1,380,79,false
1,5,136,-1,380,78,false
1,5,137,3945,217,50,true
1,5,138,8340,275,69,true
1,5,139,-1,357,78,false
1,5,140,3347,301,66,true
1,5,141,-1,359,78,false
1,5,142,-1,339,78,false
1,5,143,-1,384,79,false
1,5,144,3346,300,68,true
1,5,145,-1,377,78,false
1,5,146,-1,359,78,false
1,5,147,-1,360,79,false
1,5,148,-1,369,78,false
1,5,149,-1,351,79,false
1,5,150,-1,377,79,false
1,5,151,-1,348,78,false
1,5,152,-1,307,77,false
1,5,153,5920,307,71,true
1,5,154,4554,289,66,true
1,5,155,-1,365,78,false
1,5,156,8941,245,65,true
1,5,157,-1,377,78,false
1,5,158,-1,340,79,false
1,5,159,-1,378,79,false
1,5,160,-1,323,78,false
1,5,161,-1,376,79,false
1,5,162,-1,286,71,false
1,5,163,3644,279,63,true
1,5,164,-1,331,78,false
1,5,165,-1,367,79,false
1,5,166,-1,330,79,false
1,5,167,-1,386,79,false
1,5,168,-1,327,79,false
1,5,169,-1,366,79,false
1,5,170,-1,329,78,false
1,5,171,-1,384,79,false
1,5,172,-1,346,79,false
1,5,173,-1,364,79,false
1,5,174,-1,385,78,false
1,5,175,-1,323,79,false
1,5,176,-1,376,79,false
1,5,177,131,86,19,true
1,5,178,-1,326,79,false
1,5,179,5309,233,56,true
1,5,180,4101,163,40,true
1,5,181,-1,327,79,false
1,5,182,-1,330,79,false
1,5,183,-1,317,77,false
1,5,184,3806,228,53,true
1,5,185,2451,142,33,true
1,5,186,-1,351,79,false
1,5,187,-1,311,76,false
1,5,188,-1,371,78,false
1,5,189,-1,337,79,false
1,5,190,-1,356,79,false
1,5,191,1965,124,29,true
1,5,192,-1,379,79,false
1,5,193,-1,334,78,false
1,5,194,-1,313,76,false
1,5,195,-1,356,79,false
1,5,196,8660,255,66,true
1,5,197,-1,324,79,false
1,5,198,-1,364,79,false
1,5,199,-1,359,79,false
1,5,200,-1,378,78,false
1,25,1,455,11,5,true
1,25,2,307,11,4,true
1,25,3,1112,60,17,true
1,25,4,814,27,8,true
1,25,5,945,27,8,true
1,25,6,325,12,4,true
1,25,7,655,21,6,true
1,25,8,320,20,6,true
1,25,9,2727,89,25,true
1,25,10,475,15,5,true
1,25,11,485,39,10,true
1,25,12,1001,50,13,true
1,25,13,143,30,8,true
1,25,14,509,21,6,true
1,25,15,284,10,4,true
1,25,16,157,7,3,true
1,25,17,156,17,5,true
1,25,18,933,28,8,true
1,25,19,310,18,5,true
1,25,20,156,8,3,true
1,25,21,1116,36,11,true
1,25,22,2890,80,22,true
1,25,23,1115,53,14,true
1,25,24,1774,47,14,true
1,25,25,1308,41,12,true
1,25,26,464,22,6,true
1,25,27,326,11,4,true
1,25,28,314,13,4,true
1,25,29,462,9,4,true
1,25,30,150,29,8,true
1,25,31,1625,53,14,true
1,25,32,148,22,6,true
1,25,33,1774,46,14,true
1,25,34,789,63,16,true
1,25,35,973,32,9,true
1,25,36,306,8,3,true
1,25,37,452,15,5,true
1,25,38,159,26,7,true
1,25,39,340,21,7,true
1,25,40,326,16,5,true
1,25,41,661,23,7,true
1,25,42,480,21,6,true
1,25,43,475,19,6,true
1,25,44,654,22,7,true
1,25,45,1114,34,10,true
1,25,46,155,34,9,true
1,25,47,154,5,2,true
1,25,48,3242,77,22,true
1,25,49,635,13,5,true
1,25,50,312,8,3,true
1,25,51,479,15,5,true
1,25,52,801,23,7,true
1,25,53,639,84,21,true
1,25,54,471,16,5,true
1,25,55,168,13,4,true
1,25,56,1127,29,9,true
1,25,57,514,28,7,true
1,25,58,818,23,7,true
1,25,59,132,63,16,true
1,25,60,478,16,5,true
1,25,61,163,10,4,true
1,25,62,315,13,4,true
1,25,63,140,4,2,true
1,25,64,951,41,11,true
1,25,65,149,36,9,true
1,25,66,310,21,6,true
1,25,67,150,4,2,true
1,25,68,509,48,12,true
1,25,69,2542,56,17,true
1,25,70,625,42,11,true
1,25,71,1262,35,10,true
1,25,72,451,27,8,true
1,25,73,136,8,3,true
1,25,74,806,26,8,true
1,25,75,1156,39,11,true
1,25,76,129,16,5,true
1,25,77,153,20,6,true
1,25,78,604,18,6,true
1,25,79,646,16,5,true
1,25,80,635,22,7,true
1,25,81,479,20,6,true
1,25,82,329,22,6,true
1,25,83,146,29,8,true
1,25,84,644,25,8,true
1,25,85,152,16,5,true
1,25,86,793,17,6,true
1,25,87,1115,29,9,true
1,25,88,963,53,14,true
1,25,89,483,15,5,true
1,25,90,957,45,12,true
1,25,91,179,19,5,true
1,25,92,497,22,7,true
1,25,93,624,19,6,true
1,25,94,150,10,3,true
1,25,95,483,17,5,true
1,25,96,150,8,3,true
1,25,97,135,23,7,true
1,25,98,497,17,5,true
1,25,99,322,13,4,true
1,25,100,154,19,5,true
1,25,101,624,38,11,true
1,25,102,832,33,10,true
1,25,103,666,24,7,true
1,25,104,172,10,3,true
1,25,105,1411,37,12,true
1,25,106,1099,32,10,true
1,25,107,966,33,10,true
1,25,108,493,24,7,true
1,25,109,155,10,3,true
1,25,110,1560,35,11,true
1,25,111,313,8,3,true
1,25,112,2078,48,16,true
1,25,113,778,21,7,true
1,25,114,628,34,9,true
1,25,115,645,26,8,true
1,25,116,156,17,5,true
1,25,117,1620,41,12,true
1,25,118,140,2,2,true
1,25,119,1281,53,14,true
1,25,120,1305,36,11,true
1,25,121,322,14,5,true
1,25,122,124,16,5,true
1,25,123,326,30,8,true
1,25,124,461,12,4,true
1,25,125,176,27,8,true
1,25,126,304,33,10,true
1,25,127,152,17,5,true
1,25,128,461,22,7,true
1,25,129,1447,50,14,true
1,25,130,794,45,12,true
1,25,131,489,38,10,true
1,25,132,1438,40,11,true
1,25,133,303,15,5,true
1,25,134,138,15,5,true
1,25,135,1942,55,16,true
1,25,136,449,9,4,true
1,25,137,329,11,4,true
1,25,138,136,22,6,true
1,25,139,149,24,7,true
1,25,140,318,32,9,true
1,25,141,315,12,4,true
1,25,142,153,23,6,true
1,25,143,315,11,4,true
1,25,144,1273,28,9,true
1,25,145,148,27,8,true
1,25,146,1294,34,10,true
1,25,147,1091,25,8,true
1,25,148,172,14,4,true
1,25,149,320,17,5,true
1,25,150,289,12,4,true
1,25,151,789,33,9,true
1,25,152,304,11,4,true
1,25,153,3031,72,21,true
1,25,154,160,29,7,true
1,25,155,331,31,8,true
1,25,156,165,13,4,true
1,25,157,450,11,4,true
1,25,158,126,30,8,true
1,25,159,786,22,7,true
1,25,160,639,13,5,true
1,25,161,944,20,7,true
1,25,162,1141,41,12,true
1,25,163,314,43,11,true
1,25,164,924,47,13,true
1,25,165,784,19,7,true
1,25,166,950,21,7,true
1,25,167,155,20,6,true
1,25,168,144,7,3,true
1,25,169,461,13,5,true
1,25,170,951,26,8,true
1,25,171,1788,48,14,true
1,25,172,149,8,3,true
1,25,173,162,9,3,true
1,25,174,1761,47,14,true
1,25,175,3216,100,27,true
1,25,176,478,18,6,true
1,25,177,1606,60,16,true
1,25,178,301,65,16,true
1,25,179,632,18,6,true
1,25,180,488,16,5,true
1,25,181,2077,48,15,true
1,25,182,483,14,5,true
1,25,183,1095,46,13,true
1,25,184,1941,58,16,true
1,25,185,150,20,5,true
1,25,186,1123,38,12,true
1,25,187,1422,38,12,true
1,25,188,154,47,12,true
1,25,189,458,16,5,true
1,25,190,149,26,7,true
1,25,191,147,62,15,true
1,25,192,652,32,9,true
1,25,193,141,4,2,true
1,25,194,1610,48,14,true
1,25,195,308,27,8,true
1,25,196,325,15,5,true
1,25,197,302,8,3,true
1,25,198,1291,37,11,true
1,25,199,974,26,8,true
1,25,200,793,27,8,true
1,50,1,165,17,5,true
1,50,2,1039,20,7,true
1,50,3,344,8,3,true
1,50,4,181,4,2,true
1,50,5,175,5,2,true
1,50,6,201,9,3,true
1,50,7,150,4,2,true
1,50,8,155,4,2,true
1,50,9,159,3,2,true
1,50,10,320,6,3,true
1,50,11,153,3,2,true
1,50,12,478,13,5,true
1,50,13,714,23,7,true
1,50,14,188,7,3,true
1,50,15,153,3,2,true
1,50,16,177,6,3,true
1,50,17,499,11,4,true
1,50,18,163,7,3,true
1,50,19,172,10,3,true
1,50,20,327,7,3,true
1,50,21,1031,20,7,true
1,50,22,330,14,5,true
1,50,23,323,6,3,true
1,50,24,135,7,3,true
1,50,25,685,24,7,true
1,50,26,154,4,2,true
1,50,27,158,4,2,true
1,50,28,353,8,3,true
1,50,29,312,7,3,true
1,50,30,1177,34,11,true
1,50,31,169,11,4,true
1,50,32,319,18,6,true
1,50,33,512,11,4,true
1,50,34,344,14,4,true
1,50,35,354,15,5,true
1,50,36,354,12,4,true
1,50,37,699,13,5,true
1,50,38,156,5,2,true
1,50,39,155,4,2,true
1,50,40,145,3,2,true
1,50,41,346,8,3,true
1,50,42,159,11,4,true
1,50,43,155,5,2,true
1,50,44,1008,25,8,true
1,50,45,172,18,6,true
1,50,46,155,3,2,true
1,50,47,155,4,2,true
1,50,48,127,8,3,true
1,50,49,528,11,4,true
1,50,50,169,4,2,true
1,50,51,350,8,3,true
1,50,52,135,4,2,true
1,50,53,165,4,2,true
1,50,54,166,10,3,true
1,50,55,158,9,3,true
1,50,56,167,14,5,true
1,50,57,312,8,3,true
1,50,58,135,9,4,true
1,50,59,174,5,2,true
1,50,60,162,4,2,true
1,50,61,153,15,5,true
1,50,62,149,8,3,true
1,50,63,140,4,2,true
1,50,64,353,9,3,true
1,50,65,366,7,3,true
1,50,66,170,4,2,true
1,50,67,327,11,4,true
1,50,68,356,10,4,true
1,50,69,132,8,3,true
1,50,70,660,14,5,true
1,50,71,153,4,2,true
1,50,72,168,3,2,true
1,50,73,325,6,3,true
1,50,74,300,9,4,true
1,50,75,174,13,5,true
1,50,76,175,9,3,true
1,50,77,1005,24,9,true
1,50,78,170,4,2,true
1,50,79,325,6,3,true
1,50,80,161,4,2,true
1,50,81,153,3,2,true
1,50,82,336,6,3,true
1,50,83,168,6,3,true
1,50,84,152,5,2,true
1,50,85,185,9,3,true
1,50,86,152,3,2,true
1,50,87,155,6,3,true
1,50,88,520,14,5,true
1,50,89,988,19,7,true
1,50,90,704,15,5,true
1,50,91,171,4,2,true
1,50,92,340,7,3,true
1,50,93,172,18,6,true
1,50,94,166,18,6,true
1,50,95,329,6,3,true
1,50,96,361,10,4,true
1,50,97,344,15,5,true
1,50,98,661,15,5,true
1,50,99,169,3,2,true
1,50,100,304,9,4,true
1,50,101,144,4,2,true
1,50,102,334,7,3,true
1,50,103,333,7,3,true
1,50,104,329,11,4,true
1,50,105,868,15,6,true
1,50,106,146,3,2,true
1,50,107,320,8,3,true
1,50,108,323,6,3,true
1,50,109,571,10,4,true
1,50,110,986,25,8,true
1,50,111,136,2,2,true
1,50,112,328,5,3,true
1,50,113,681,16,6,true
1,50,114,364,13,4,true
1,50,115,518,14,5,true
1,50,116,687,13,5,true
1,50,117,670,12,5,true
1,50,118,165,2,2,true
1,50,119,191,4,2,true
1,50,120,357,6,3,true
1,50,121,164,5,2,true
1,50,122,321,7,3,true
1,50,123,490,14,5,true
1,50,124,1687,35,12,true
1,50,125,200,9,4,true
1,50,126,149,5,2,true
1,50,127,141,4,2,true
1,50,128,158,5,3,true
1,50,129,166,7,3,true
1,50,130,155,4,2,true
1,50,131,170,5,2,true
1,50,132,189,5,2,true
1,50,133,162,5,2,true
1,50,134,497,11,4,true
1,50,135,174,4,2,true
1,50,136,149,2,2,true
1,50,137,316,7,3,true
1,50,138,999,19,7,true
1,50,139,167,6,3,true
1,50,140,163,16,5,true
1,50,141,528,16,5,true
1,50,142,186,8,3,true
1,50,143,476,9,4,true
1,50,144,309,5,3,true
1,50,145,507,11,4,true
1,50,146,169,3,2,true
1,50,147,168,11,4,true
1,50,148,838,14,6,true
1,50,149,522,16,5,true
1,50,150,167,4,2,true
1,50,151,166,4,2,true
1,50,152,319,8,3,true
1,50,153,349,14,5,true
1,50,154,162,5,2,true
1,50,155,169,3,2,true
1,50,156,165,4,2,true
1,50,157,159,4,2,true
1,50,158,171,16,5,true
1,50,159,342,9,4,true
1,50,160,160,4,2,true
1,50,161,483,10,4,true
1,50,162,139,7,3,true
1,50,163,178,4,2,true
1,50,164,161,5,2,true
1,50,165,126,6,3,true
1,50,166,369,14,5,true
1,50,167,171,10,4,true
1,50,168,163,5,2,true
1,50,169,507,12,4,true
1,50,170,506,11,4,true
1,50,171,504,8,4,true
1,50,172,164,17,6,true
1,50,173,494,13,5,true
1,50,174,688,15,5,true
1,50,175,363,7,3,true
1,50,176,630,13,5,true
1,50,177,331,6,3,true
1,50,178,506,15,5,true
1,50,179,338,5,3,true
1,50,180,329,6,3,true
1,50,181,189,5,2,true
1,50,182,348,9,4,true
1,50,183,152,7,3,true
1,50,184,667,17,6,true
1,50,185,147,3,2,true
1,50,186,168,5,2,true
1,50,187,477,9,4,true
1,50,188,151,5,2,true
1,50,189,158,7,3,true
1,50,190,180,4,2,true
1,50,191,540,15,5,true
1,50,192,172,5,2,true
1,50,193,179,7,3,true
1,50,194,357,8,3,true
1,50,195,987,18,7,true
1,50,196,163,11,4,true
1,50,197,154,3,2,true
1,50,198,156,20,6,true
1,50,199,152,3,2,true
1,50,200,349,18,6,true
1,150,1,167,3,2,true
1,150,2,221,2,2,true
1,150,3,163,2,2,true
1,150,4,193,3,2,true
1,150,5,182,2,2,true
1,150,6,174,2,2,true
1,150,7,189,2,2,true
1,150,8,186,2,2,true
1,150,9,230,4,2,true
1,150,10,488,6,3,true
1,150,11,202,2,2,true
1,150,12,578,7,4,true
1,150,13,197,2,2,true
1,150,14,614,8,4,true
1,150,15,211,3,2,true
1,150,16,219,4,2,true
1,150,17,201,2,2,true
1,150,18,209,3,2,true
1,150,19,201,6,3,true
1,150,20,161,3,2,true
1,150,21,230,3,2,true
1,150,22,217,3,2,true
1,150,23,198,3,2,true
1,150,24,157,6,3,true
1,150,25,189,3,2,true
1,150,26,154,4,2,true
1,150,27,190,2,2,true
1,150,28,222,3,2,true
1,150,29,205,2,2,true
1,150,30,164,3,2,true
1,150,31,407,5,3,true
1,150,32,192,6,3,true
1,150,33,228,4,2,true
1,150,34,199,3,2,true
1,150,35,206,3,2,true
1,150,36,173,6,3,true
1,150,37,222,2,2,true
1,150,38,209,3,2,true
1,150,39,155,4,2,true
1,150,40,502,6,3,true
1,150,41,237,5,2,true
1,150,42,190,3,2,true
1,150,43,175,6,3,true
1,150,44,354,6,3,true
1,150,45,355,5,3,true
1,150,46,183,3,2,true
1,150,47,382,6,3,true
1,150,48,143,2,2,true
1,150,49,217,2,2,true
1,150,50,169,4,2,true
1,150,51,364,5,3,true
1,150,52,164,2,2,true
1,150,53,229,2,2,true
1,150,54,438,5,3,true
1,150,55,205,2,2,true
1,150,56,178,2,2,true
1,150,57,182,4,2,true
1,150,58,199,9,4,true
1,150,59,194,4,2,true
1,150,60,191,2,2,true
1,150,61,224,2,2,true
1,150,62,244,2,2,true
1,150,63,171,3,2,true
1,150,64,442,5,3,true
1,150,65,431,7,3,true
1,150,66,184,3,2,true
1,150,67,391,4,3,true
1,150,68,167,3,2,true
1,150,69,369,5,3,true
1,150,70,599,8,4,true
1,150,71,157,3,2,true
1,150,72,156,2,2,true
1,150,73,230,3,2,true
1,150,74,173,3,2,true
1,150,75,177,4,2,true
1,150,76,149,4,2,true
1,150,77,169,2,2,true
1,150,78,361,5,3,true
1,150,79,221,3,2,true
1,150,80,192,4,2,true
1,150,81,158,2,2,true
1,150,82,430,5,3,true
1,150,83,170,3,2,true
1,150,84,218,2,2,true
1,150,85,215,4,2,true
1,150,86,349,4,3,true
1,150,87,227,4,2,true
1,150,88,374,5,3,true
1,150,89,159,3,2,true
1,150,90,198,3,2,true
1,150,91,179,3,2,true
1,150,92,187,2,2,true
1,150,93,204,3,2,true
1,150,94,235,2,2,true
1,150,95,175,3,2,true
1,150,96,435,5,3,true
1,150,97,239,3,2,true
1,150,98,195,2,2,true
1,150,99,207,4,2,true
1,150,100,173,4,2,true
1,150,101,159,7,3,true
1,150,102,191,4,2,true
1,150,103,181,4,2,true
1,150,104,208,4,2,true
1,150,105,483,5,3,true
1,150,106,429,7,3,true
1,150,107,194,4,2,true
1,150,108,186,2,2,true
1,150,109,411,4,3,true
1,150,110,172,4,2,true
1,150,111,161,3,2,true
1,150,112,353,6,3,true
1,150,113,441,5,3,true
1,150,114,164,5,2,true
1,150,115,380,5,3,true
1,150,116,397,7,3,true
1,150,117,234,3,2,true
1,150,118,204,2,2,true
1,150,119,152,3,2,true
1,150,120,169,2,2,true
1,150,121,187,2,2,true
1,150,122,236,2,2,true
1,150,123,165,2,2,true
1,150,124,231,3,2,true
1,150,125,243,3,2,true
1,150,126,183,3,2,true
1,150,127,231,3,2,true
1,150,128,175,2,2,true
1,150,129,223,5,2,true
1,150,130,709,10,5,true
1,150,131,178,3,2,true
1,150,132,207,2,2,true
1,150,133,176,4,2,true
1,150,134,598,7,4,true
1,150,135,139,4,2,true
1,150,136,214,3,2,true
1,150,137,157,3,2,true
1,150,138,161,2,2,true
1,150,139,197,2,2,true
1,150,140,163,2,2,true
1,150,141,203,4,2,true
1,150,142,220,2,2,true
1,150,143,212,2,2,true
1,150,144,243,4,2,true
1,150,145,210,3,2,true
1,150,146,183,3,2,true
1,150,147,251,2,2,true
1,150,148,187,3,2,true
1,150,149,381,9,4,true
1,150,150,179,4,2,true
1,150,151,168,3,2,true
1,150,152,219,3,2,true
1,150,153,223,4,2,true
1,150,154,128,6,3,true
1,150,155,197,4,2,true
1,150,156,132,5,3,true
1,150,157,236,2,2,true
1,150,158,152,4,2,true
1,150,159,195,3,2,true
1,150,160,225,2,2,true
1,150,161,217,2,2,true
1,150,162,219,4,2,true
1,150,163,167,3,2,true
1,150,164,171,3,2,true
1,150,165,172,2,2,true
1,150,166,190,5,3,true
1,150,167,166,2,2,true
1,150,168,399,5,3,true
1,150,169,169,4,2,true
1,150,170,143,2,2,true
1,150,171,187,2,2,true
1,150,172,229,4,2,true
1,150,173,207,3,2,true
1,150,174,152,2,2,true
1,150,175,229,3,2,true
1,150,176,157,4,2,true
1,150,177,422,5,3,true
1,150,178,209,3,2,true
1,150,179,197,2,2,true
1,150,180,174,2,2,true
1,150,181,172,3,2,true
1,150,182,176,3,2,true
1,150,183,413,5,3,true
1,150,184,172,4,2,true
1,150,185,206,2,2,true
1,150,186,635,10,4,true
1,150,187,153,2,2,true
1,150,188,173,2,2,true
1,150,189,247,4,2,true
1,150,190,150,2,2,true
1,150,191,910,14,6,true
1,150,192,193,3,2,true
1,150,193,132,4,2,true
1,150,194,149,3,2,true
1,150,195,162,2,2,true
1,150,196,219,6,3,true
1,150,197,241,6,3,true
1,150,198,195,4,2,true
1,150,199,188,4,2,true
1,150,200,359,5,3,true
1,300,1,188,2,2,true
1,300,2,265,2,2,true
1,300,3,257,2,2,true
1,300,4,240,4,2,true
1,300,5,182,2,2,true
1,300,6,205,3,2,true
1,300,7,189,2,2,true
1,300,8,234,2,2,true
1,300,9,380,4,2,true
1,300,10,185,2,2,true
1,300,11,352,2,2,true
1,300,12,194,2,2,true
1,300,13,225,2,2,true
1,300,14,214,2,2,true
1,300,15,208,2,2,true
1,300,16,204,2,2,true
1,300,17,201,2,2,true
1,300,18,206,4,2,true
1,300,19,192,5,3,true
1,300,20,267,2,2,true
1,300,21,230,3,2,true
1,300,22,218,2,2,true
1,300,23,244,3,2,true
1,300,24,321,4,2,true
1,300,25,213,2,2,true
1,300,26,229,3,2,true
1,300,27,223,2,2,true
1,300,28,150,3,2,true
1,300,29,255,3,2,true
1,300,30,323,5,3,true
1,300,31,572,4,3,true
1,300,32,174,2,2,true
1,300,33,292,2,2,true
1,300,34,171,2,2,true
1,300,35,253,3,2,true
1,300,36,186,2,2,true
1,300,37,194,2,2,true
1,300,38,192,2,2,true
1,300,39,155,4,2,true
1,300,40,276,2,2,true
1,300,41,169,2,2,true
1,300,42,201,2,2,true
1,300,43,256,4,2,true
1,300,44,196,4,2,true
1,300,45,145,2,2,true
1,300,46,322,2,2,true
1,300,47,531,9,4,true
1,300,48,143,2,2,true
1,300,49,220,3,2,true
1,300,50,160,3,2,true
1,300,51,314,4,2,true
1,300,52,186,3,2,true
1,300,53,309,4,2,true
1,300,54,180,3,2,true
1,300,55,252,3,2,true
1,300,56,178,2,2,true
1,300,57,182,4,2,true
1,300,58,201,3,2,true
1,300,59,409,2,2,true
1,300,60,293,2,2,true
1,300,61,207,2,2,true
1,300,62,266,2,2,true
1,300,63,197,2,2,true
1,300,64,153,2,2,true
1,300,65,281,2,2,true
1,300,66,210,3,2,true
1,300,67,181,2,2,true
1,300,68,178,2,2,true
1,300,69,486,5,3,true
1,300,70,162,3,2,true
1,300,71,188,3,2,true
1,300,72,184,3,2,true
1,300,73,169,2,2,true
1,300,74,232,2,2,true
1,300,75,250,2,2,true
1,300,76,169,3,2,true
1,300,77,169,2,2,true
1,300,78,203,3,2,true
1,300,79,209,2,2,true
1,300,80,274,2,2,true
1,300,81,253,2,2,true
1,300,82,419,3,2,true
1,300,83,189,2,2,true
1,300,84,172,3,2,true
1,300,85,143,2,2,true
1,300,86,262,2,2,true
1,300,87,227,4,2,true
1,300,88,181,4,2,true
1,300,89,323,3,2,true
1,300,90,192,2,2,true
1,300,91,206,2,2,true
1,300,92,282,2,2,true
1,300,93,274,2,2,true
1,300,94,176,2,2,true
1,300,95,228,4,2,true
1,300,96,210,3,2,true
1,300,97,239,3,2,true
1,300,98,161,2,2,true
1,300,99,216,3,2,true
1,300,100,159,2,2,true
1,300,101,185,4,2,true
1,300,102,199,3,2,true
1,300,103,195,4,2,true
1,300,104,205,2,2,true
1,300,105,182,2,2,true
1,300,106,178,2,2,true
1,300,107,187,2,2,true
1,300,108,201,3,2,true
1,300,109,220,2,2,true
1,300,110,167,3,2,true
1,300,111,183,2,2,true
1,300,112,682,8,4,true
1,300,113,197,2,2,true
1,300,114,160,4,2,true
1,300,115,195,2,2,true
1,300,116,164,2,2,true
1,300,117,182,2,2,true
1,300,118,253,2,2,true
1,300,119,186,2,2,true
1,300,120,176,2,2,true
1,300,121,208,2,2,true
1,300,122,236,2,2,true
1,300,123,193,3,2,true
1,300,124,213,2,2,true
1,300,125,180,2,2,true
1,300,126,192,3,2,true
1,300,127,231,3,2,true
1,300,128,221,2,2,true
1,300,129,232,2,2,true
1,300,130,238,2,2,true
1,300,131,170,2,2,true
1,300,132,178,2,2,true
1,300,133,335,3,2,true
1,300,134,274,3,2,true
1,300,135,184,3,2,true
1,300,136,195,2,2,true
1,300,137,287,3,2,true
1,300,138,195,2,2,true
1,300,139,301,2,2,true
1,300,140,273,2,2,true
1,300,141,196,3,2,true
1,300,142,246,2,2,true
1,300,143,413,4,3,true
1,300,144,247,3,2,true
1,300,145,263,2,2,true
1,300,146,293,3,2,true
1,300,147,193,3,2,true
1,300,148,445,4,3,true
1,300,149,306,3,2,true
1,300,150,143,2,2,true
1,300,151,152,2,2,true
1,300,152,219,3,2,true
1,300,153,229,2,2,true
1,300,154,225,3,2,true
1,300,155,176,2,2,true
1,300,156,250,3,2,true
1,300,157,202,2,2,true
1,300,158,152,3,2,true
1,300,159,202,3,2,true
1,300,160,272,4,2,true
1,300,161,217,2,2,true
1,300,162,243,2,2,true
1,300,163,185,3,2,true
1,300,164,267,3,2,true
1,300,165,184,3,2,true
1,300,166,271,3,2,true
1,300,167,166,2,2,true
1,300,168,399,5,3,true
1,300,169,214,3,2,true
1,300,170,483,4,3,true
1,300,171,187,2,2,true
1,300,172,552,6,3,true
1,300,173,183,3,2,true
1,300,174,231,2,2,true
1,300,175,214,2,2,true
1,300,176,157,4,2,true
1,300,177,271,2,2,true
1,300,178,175,2,2,true
1,300,179,237,2,2,true
1,300,180,317,2,2,true
1,300,181,233,4,2,true
1,300,182,303,2,2,true
1,300,183,181,3,2,true
1,300,184,144,2,2,true
1,300,185,241,2,2,true
1,300,186,145,2,2,true
1,300,187,220,2,2,true
1,300,188,191,3,2,true
1,300,189,247,4,2,true
1,300,190,735,8,4,true
1,300,191,310,4,2,true
1,300,192,296,3,2,true
1,300,193,186,2,2,true
1,300,194,204,2,2,true
1,300,195,226,3,2,true
1,300,196,241,4,2,true
1,300,197,187,2,2,true
1,300,198,533,5,3,true
1,300,199,236,4,2,true
1,300,200,204,2,2,true
